label,count,rate
0,61222,0.9074900315728621
1,6241,0.09250996842713784
